onset	duration	trial_type	value	sample
4.531248055779029	n/a	NonTarget	1	1160
4.656248002145347	n/a	NonTarget	1	1192
4.781247948511665	n/a	NonTarget	1	1224
4.906247894877983	n/a	NonTarget	1	1256
5.031247841244301	n/a	NonTarget	1	1288
5.156247787610619	n/a	NonTarget	1	1320
5.281247733976937	n/a	NonTarget	1	1352
5.406247680343255	n/a	NonTarget	1	1384
5.531247626709573	n/a	NonTarget	1	1416
5.656247573075891	n/a	NonTarget	1	1448
5.781247519442209	n/a	Target	2	1480
5.906247465808527	n/a	NonTarget	1	1512
6.031247412174845	n/a	NonTarget	1	1544
6.1562473585411635	n/a	NonTarget	1	1576
6.281247304907481	n/a	NonTarget	1	1608
6.4062472512738	n/a	NonTarget	1	1640
6.531247197640117	n/a	NonTarget	1	1672
6.656247144006436	n/a	NonTarget	1	1704
6.781247090372753	n/a	NonTarget	1	1736
6.906247036739072	n/a	NonTarget	1	1768
7.031246983105389	n/a	NonTarget	1	1800
7.156246929471708	n/a	NonTarget	1	1832
7.2812468758380255	n/a	NonTarget	1	1864
7.406246822204343	n/a	Target	2	1896
7.531246768570662	n/a	NonTarget	1	1928
7.656246714936979	n/a	NonTarget	1	1960
7.781246661303298	n/a	NonTarget	1	1992
7.906246607669615	n/a	NonTarget	1	2024
8.031246554035933	n/a	NonTarget	1	2056
8.156246500402252	n/a	NonTarget	1	2088
8.28124644676857	n/a	NonTarget	1	2120
8.406246393134888	n/a	NonTarget	1	2152
8.531246339501205	n/a	Target	2	2184
8.656246285867525	n/a	NonTarget	1	2216
8.781246232233842	n/a	NonTarget	1	2248
8.90624617860016	n/a	NonTarget	1	2280
9.031246124966477	n/a	NonTarget	1	2312
9.156246071332797	n/a	NonTarget	1	2344
9.281246017699115	n/a	NonTarget	1	2376
9.406245964065432	n/a	NonTarget	1	2408
9.53124591043175	n/a	NonTarget	1	2440
9.656245856798067	n/a	NonTarget	1	2472
9.781245803164387	n/a	NonTarget	1	2504
9.906245749530704	n/a	NonTarget	1	2536
10.031245695897022	n/a	NonTarget	1	2568
10.15624564226334	n/a	Target	2	2600
10.281245588629659	n/a	NonTarget	1	2632
10.406245534995977	n/a	NonTarget	1	2664
10.531245481362294	n/a	NonTarget	1	2696
10.656245427728612	n/a	NonTarget	1	2728
10.781245374094931	n/a	NonTarget	1	2760
10.906245320461249	n/a	NonTarget	1	2792
11.031245266827566	n/a	NonTarget	1	2824
11.156245213193884	n/a	NonTarget	1	2856
11.281245159560203	n/a	NonTarget	1	2888
11.406245105926521	n/a	NonTarget	1	2920
11.531245052292839	n/a	NonTarget	1	2952
11.656244998659156	n/a	NonTarget	1	2984
11.781244945025476	n/a	Target	2	3016
11.906244891391793	n/a	NonTarget	1	3048
12.031244837758111	n/a	NonTarget	1	3080
12.156244784124429	n/a	NonTarget	1	3112
12.281244730490746	n/a	NonTarget	1	3144
12.406244676857066	n/a	NonTarget	1	3176
12.531244623223383	n/a	NonTarget	1	3208
12.6562445695897	n/a	NonTarget	1	3240
12.781244515956018	n/a	NonTarget	1	3272
12.906244462322338	n/a	NonTarget	1	3304
13.031244408688655	n/a	NonTarget	1	3336
13.156244355054973	n/a	Target	2	3368
13.28124430142129	n/a	NonTarget	1	3400
13.40624424778761	n/a	NonTarget	1	3432
13.531244194153928	n/a	NonTarget	1	3464
13.656244140520245	n/a	NonTarget	1	3496
13.781244086886563	n/a	NonTarget	1	3528
13.906244033252882	n/a	NonTarget	1	3560
14.0312439796192	n/a	NonTarget	1	3592
14.156243925985518	n/a	NonTarget	1	3624
14.281243872351835	n/a	NonTarget	1	3656
14.406243818718153	n/a	NonTarget	1	3688
14.531243765084472	n/a	NonTarget	1	3720
14.65624371145079	n/a	Target	2	3752
14.781243657817107	n/a	NonTarget	1	3784
14.906243604183425	n/a	NonTarget	1	3816
15.031243550549744	n/a	NonTarget	1	3848
15.156243496916062	n/a	NonTarget	1	3880
15.28124344328238	n/a	NonTarget	1	3912
15.406243389648697	n/a	NonTarget	1	3944
15.531243336015017	n/a	NonTarget	1	3976
15.656243282381334	n/a	NonTarget	1	4008
15.781243228747652	n/a	NonTarget	1	4040
15.90624317511397	n/a	NonTarget	1	4072
16.031243121480287	n/a	NonTarget	1	4104
16.156243067846606	n/a	NonTarget	1	4136
16.281243014212926	n/a	NonTarget	1	4168
16.40624296057924	n/a	Target	2	4200
20.031241405202465	n/a	NonTarget	1	5128
20.156241351568784	n/a	NonTarget	1	5160
20.2812412979351	n/a	NonTarget	1	5192
20.40624124430142	n/a	NonTarget	1	5224
20.53124119066774	n/a	NonTarget	1	5256
20.656241137034055	n/a	NonTarget	1	5288
20.781241083400374	n/a	NonTarget	1	5320
20.90624102976669	n/a	NonTarget	1	5352
21.03124097613301	n/a	Target	2	5384
21.15624092249933	n/a	NonTarget	1	5416
21.281240868865645	n/a	NonTarget	1	5448
21.406240815231964	n/a	NonTarget	1	5480
21.53124076159828	n/a	NonTarget	1	5512
21.6562407079646	n/a	NonTarget	1	5544
21.78124065433092	n/a	NonTarget	1	5576
21.906240600697235	n/a	NonTarget	1	5608
22.031240547063554	n/a	NonTarget	1	5640
22.156240493429873	n/a	NonTarget	1	5672
22.28124043979619	n/a	Target	2	5704
22.40624038616251	n/a	NonTarget	1	5736
22.531240332528824	n/a	NonTarget	1	5768
22.656240278895144	n/a	NonTarget	1	5800
22.781240225261463	n/a	NonTarget	1	5832
22.90624017162778	n/a	NonTarget	1	5864
23.0312401179941	n/a	NonTarget	1	5896
23.156240064360418	n/a	NonTarget	1	5928
23.281240010726734	n/a	NonTarget	1	5960
23.406239957093053	n/a	NonTarget	1	5992
23.53123990345937	n/a	NonTarget	1	6024
23.65623984982569	n/a	NonTarget	1	6056
23.781239796192008	n/a	Target	2	6088
23.906239742558324	n/a	NonTarget	1	6120
24.031239688924643	n/a	NonTarget	1	6152
24.15623963529096	n/a	NonTarget	1	6184
24.281239581657278	n/a	NonTarget	1	6216
24.406239528023598	n/a	NonTarget	1	6248
24.531239474389913	n/a	NonTarget	1	6280
24.656239420756233	n/a	NonTarget	1	6312
24.781239367122552	n/a	NonTarget	1	6344
24.906239313488868	n/a	NonTarget	1	6376
25.031239259855187	n/a	NonTarget	1	6408
25.156239206221503	n/a	NonTarget	1	6440
25.281239152587823	n/a	NonTarget	1	6472
25.406239098954142	n/a	Target	2	6504
25.531239045320458	n/a	NonTarget	1	6536
25.656238991686777	n/a	NonTarget	1	6568
25.781238938053093	n/a	NonTarget	1	6600
25.906238884419412	n/a	NonTarget	1	6632
26.031238830785732	n/a	NonTarget	1	6664
26.156238777152048	n/a	NonTarget	1	6696
26.281238723518367	n/a	NonTarget	1	6728
26.406238669884686	n/a	NonTarget	1	6760
26.531238616251002	n/a	NonTarget	1	6792
26.65623856261732	n/a	NonTarget	1	6824
26.781238508983638	n/a	NonTarget	1	6856
26.906238455349957	n/a	NonTarget	1	6888
27.031238401716276	n/a	Target	2	6920
27.156238348082592	n/a	NonTarget	1	6952
27.28123829444891	n/a	NonTarget	1	6984
27.40623824081523	n/a	NonTarget	1	7016
27.531238187181547	n/a	NonTarget	1	7048
27.656238133547866	n/a	NonTarget	1	7080
27.781238079914182	n/a	NonTarget	1	7112
27.9062380262805	n/a	NonTarget	1	7144
28.03123797264682	n/a	NonTarget	1	7176
28.156237919013137	n/a	NonTarget	1	7208
28.281237865379456	n/a	NonTarget	1	7240
28.406237811745772	n/a	NonTarget	1	7272
28.53123775811209	n/a	NonTarget	1	7304
28.65623770447841	n/a	NonTarget	1	7336
28.781237650844727	n/a	Target	2	7368
28.906237597211046	n/a	NonTarget	1	7400
29.031237543577365	n/a	NonTarget	1	7432
29.15623748994368	n/a	NonTarget	1	7464
29.28123743631	n/a	NonTarget	1	7496
29.406237382676316	n/a	NonTarget	1	7528
29.531237329042636	n/a	NonTarget	1	7560
29.656237275408955	n/a	NonTarget	1	7592
29.78123722177527	n/a	Target	2	7624
29.90623716814159	n/a	NonTarget	1	7656
30.031237114507906	n/a	NonTarget	1	7688
30.156237060874226	n/a	NonTarget	1	7720
30.281237007240545	n/a	NonTarget	1	7752
30.40623695360686	n/a	NonTarget	1	7784
30.53123689997318	n/a	NonTarget	1	7816
30.6562368463395	n/a	NonTarget	1	7848
30.781236792705815	n/a	NonTarget	1	7880
30.906236739072135	n/a	NonTarget	1	7912
31.03123668543845	n/a	NonTarget	1	7944
31.15623663180477	n/a	NonTarget	1	7976
31.28123657817109	n/a	Target	2	8008
31.406236524537405	n/a	NonTarget	1	8040
31.531236470903725	n/a	NonTarget	1	8072
31.656236417270044	n/a	NonTarget	1	8104
31.78123636363636	n/a	NonTarget	1	8136
31.90623631000268	n/a	NonTarget	1	8168
35.5312347546259	n/a	NonTarget	1	9096
35.65623470099222	n/a	NonTarget	1	9128
35.78123464735854	n/a	NonTarget	1	9160
35.906234593724854	n/a	NonTarget	1	9192
36.03123454009118	n/a	Target	2	9224
36.15623448645749	n/a	NonTarget	1	9256
36.28123443282381	n/a	NonTarget	1	9288
36.40623437919013	n/a	NonTarget	1	9320
36.53123432555645	n/a	NonTarget	1	9352
36.65623427192276	n/a	NonTarget	1	9384
36.78123421828908	n/a	NonTarget	1	9416
36.9062341646554	n/a	NonTarget	1	9448
37.03123411102172	n/a	NonTarget	1	9480
37.15623405738803	n/a	NonTarget	1	9512
37.281234003754356	n/a	NonTarget	1	9544
37.40623395012067	n/a	NonTarget	1	9576
37.53123389648699	n/a	Target	2	9608
37.65623384285331	n/a	NonTarget	1	9640
37.78123378921963	n/a	NonTarget	1	9672
37.90623373558594	n/a	NonTarget	1	9704
38.031233681952266	n/a	NonTarget	1	9736
38.15623362831858	n/a	NonTarget	1	9768
38.2812335746849	n/a	NonTarget	1	9800
38.40623352105121	n/a	NonTarget	1	9832
38.531233467417536	n/a	NonTarget	1	9864
38.65623341378385	n/a	NonTarget	1	9896
38.78123336015017	n/a	NonTarget	1	9928
38.90623330651649	n/a	NonTarget	1	9960
39.03123325288281	n/a	NonTarget	1	9992
39.15623319924912	n/a	Target	2	10024
39.281233145615445	n/a	NonTarget	1	10056
39.40623309198176	n/a	NonTarget	1	10088
39.53123303834808	n/a	NonTarget	1	10120
39.6562329847144	n/a	NonTarget	1	10152
39.781232931080716	n/a	NonTarget	1	10184
39.90623287744703	n/a	NonTarget	1	10216
40.03123282381335	n/a	NonTarget	1	10248
40.15623277017967	n/a	NonTarget	1	10280
40.281232716545986	n/a	NonTarget	1	10312
40.4062326629123	n/a	Target	2	10344
40.531232609278625	n/a	NonTarget	1	10376
40.65623255564494	n/a	NonTarget	1	10408
40.78123250201126	n/a	NonTarget	1	10440
40.90623244837758	n/a	NonTarget	1	10472
41.031232394743895	n/a	NonTarget	1	10504
41.15623234111021	n/a	NonTarget	1	10536
41.281232287476534	n/a	NonTarget	1	10568
41.40623223384285	n/a	NonTarget	1	10600
41.531232180209166	n/a	NonTarget	1	10632
41.65623212657548	n/a	Target	2	10664
41.781232072941805	n/a	NonTarget	1	10696
41.90623201930812	n/a	NonTarget	1	10728
42.031231965674436	n/a	NonTarget	1	10760
42.15623191204076	n/a	NonTarget	1	10792
42.281231858407075	n/a	NonTarget	1	10824
42.40623180477339	n/a	NonTarget	1	10856
42.531231751139714	n/a	NonTarget	1	10888
42.65623169750603	n/a	NonTarget	1	10920
42.781231643872346	n/a	NonTarget	1	10952
42.90623159023867	n/a	NonTarget	1	10984
43.031231536604984	n/a	NonTarget	1	11016
43.1562314829713	n/a	NonTarget	1	11048
43.28123142933762	n/a	NonTarget	1	11080
43.40623137570394	n/a	NonTarget	1	11112
43.531231322070255	n/a	NonTarget	1	11144
43.65623126843657	n/a	Target	2	11176
43.781231214802894	n/a	NonTarget	1	11208
43.90623116116921	n/a	NonTarget	1	11240
44.031231107535525	n/a	NonTarget	1	11272
44.15623105390185	n/a	NonTarget	1	11304
44.281231000268164	n/a	NonTarget	1	11336
44.40623094663448	n/a	NonTarget	1	11368
44.5312308930008	n/a	Target	2	11400
44.65623083936712	n/a	NonTarget	1	11432
44.781230785733435	n/a	NonTarget	1	11464
44.90623073209976	n/a	NonTarget	1	11496
45.03123067846607	n/a	NonTarget	1	11528
45.15623062483239	n/a	NonTarget	1	11560
45.281230571198705	n/a	NonTarget	1	11592
45.40623051756503	n/a	NonTarget	1	11624
45.531230463931344	n/a	NonTarget	1	11656
45.65623041029766	n/a	NonTarget	1	11688
45.78123035666398	n/a	NonTarget	1	11720
45.9062303030303	n/a	NonTarget	1	11752
46.031230249396614	n/a	NonTarget	1	11784
46.15623019576294	n/a	Target	2	11816
46.28123014212925	n/a	NonTarget	1	11848
46.40623008849557	n/a	NonTarget	1	11880
46.53123003486189	n/a	NonTarget	1	11912
46.65622998122821	n/a	NonTarget	1	11944
46.781229927594524	n/a	NonTarget	1	11976
46.90622987396084	n/a	NonTarget	1	12008
47.03122982032716	n/a	NonTarget	1	12040
47.15622976669348	n/a	NonTarget	1	12072
47.281229713059794	n/a	NonTarget	1	12104
47.40622965942612	n/a	NonTarget	1	12136
51.03122810404934	n/a	NonTarget	1	13064
51.156228050415656	n/a	NonTarget	1	13096
51.28122799678197	n/a	NonTarget	1	13128
51.406227943148295	n/a	NonTarget	1	13160
51.53122788951461	n/a	NonTarget	1	13192
51.65622783588093	n/a	Target	2	13224
51.78122778224725	n/a	NonTarget	1	13256
51.906227728613565	n/a	NonTarget	1	13288
52.03122767497988	n/a	NonTarget	1	13320
52.1562276213462	n/a	NonTarget	1	13352
52.28122756771252	n/a	NonTarget	1	13384
52.406227514078836	n/a	NonTarget	1	13416
52.53122746044515	n/a	Target	2	13448
52.656227406811475	n/a	NonTarget	1	13480
52.78122735317779	n/a	NonTarget	1	13512
52.906227299544106	n/a	NonTarget	1	13544
53.03122724591043	n/a	NonTarget	1	13576
53.156227192276745	n/a	NonTarget	1	13608
53.28122713864306	n/a	NonTarget	1	13640
53.406227085009384	n/a	NonTarget	1	13672
53.5312270313757	n/a	NonTarget	1	13704
53.656226977742016	n/a	NonTarget	1	13736
53.78122692410833	n/a	NonTarget	1	13768
53.906226870474654	n/a	NonTarget	1	13800
54.03122681684097	n/a	NonTarget	1	13832
54.156226763207286	n/a	NonTarget	1	13864
54.28122670957361	n/a	NonTarget	1	13896
54.406226655939925	n/a	NonTarget	1	13928
54.53122660230624	n/a	Target	2	13960
54.656226548672564	n/a	NonTarget	1	13992
54.78122649503888	n/a	NonTarget	1	14024
54.906226441405195	n/a	NonTarget	1	14056
55.03122638777152	n/a	NonTarget	1	14088
55.156226334137834	n/a	NonTarget	1	14120
55.28122628050415	n/a	NonTarget	1	14152
55.406226226870466	n/a	NonTarget	1	14184
55.53122617323679	n/a	Target	2	14216
55.656226119603105	n/a	NonTarget	1	14248
55.78122606596942	n/a	NonTarget	1	14280
55.90622601233574	n/a	NonTarget	1	14312
56.03122595870206	n/a	NonTarget	1	14344
56.156225905068375	n/a	NonTarget	1	14376
56.2812258514347	n/a	NonTarget	1	14408
56.406225797801014	n/a	NonTarget	1	14440
56.53122574416733	n/a	NonTarget	1	14472
56.65622569053365	n/a	NonTarget	1	14504
56.78122563689997	n/a	NonTarget	1	14536
56.906225583266284	n/a	NonTarget	1	14568
57.03122552963261	n/a	NonTarget	1	14600
57.15622547599892	n/a	NonTarget	1	14632
57.28122542236524	n/a	NonTarget	1	14664
57.406225368731555	n/a	NonTarget	1	14696
57.53122531509788	n/a	NonTarget	1	14728
57.65622526146419	n/a	Target	2	14760
57.78122520783051	n/a	NonTarget	1	14792
57.90622515419683	n/a	NonTarget	1	14824
58.03122510056315	n/a	NonTarget	1	14856
58.156225046929464	n/a	NonTarget	1	14888
58.28122499329579	n/a	NonTarget	1	14920
58.4062249396621	n/a	NonTarget	1	14952
58.53122488602842	n/a	NonTarget	1	14984
58.65622483239474	n/a	Target	2	15016
58.78122477876106	n/a	NonTarget	1	15048
58.90622472512737	n/a	NonTarget	1	15080
59.03122467149369	n/a	NonTarget	1	15112
59.15622461786001	n/a	NonTarget	1	15144
59.28122456422633	n/a	NonTarget	1	15176
59.406224510592644	n/a	NonTarget	1	15208
59.53122445695897	n/a	NonTarget	1	15240
59.65622440332528	n/a	NonTarget	1	15272
59.7812243496916	n/a	NonTarget	1	15304
59.90622429605792	n/a	NonTarget	1	15336
60.03122424242424	n/a	NonTarget	1	15368
60.15622418879055	n/a	NonTarget	1	15400
60.281224135156876	n/a	NonTarget	1	15432
60.40622408152319	n/a	NonTarget	1	15464
60.53122402788951	n/a	NonTarget	1	15496
60.65622397425582	n/a	Target	2	15528
60.781223920622146	n/a	NonTarget	1	15560
60.90622386698846	n/a	NonTarget	1	15592
61.03122381335478	n/a	NonTarget	1	15624
61.1562237597211	n/a	NonTarget	1	15656
61.28122370608742	n/a	NonTarget	1	15688
61.40622365245373	n/a	NonTarget	1	15720
61.531223598820056	n/a	NonTarget	1	15752
61.65622354518637	n/a	NonTarget	1	15784
61.78122349155269	n/a	NonTarget	1	15816
61.90622343791901	n/a	NonTarget	1	15848
62.031223384285326	n/a	Target	2	15880
62.15622333065164	n/a	NonTarget	1	15912
62.28122327701796	n/a	NonTarget	1	15944
62.40622322338428	n/a	NonTarget	1	15976
62.5312231697506	n/a	NonTarget	1	16008
62.65622311611691	n/a	NonTarget	1	16040
62.781223062483235	n/a	NonTarget	1	16072
62.90622300884955	n/a	NonTarget	1	16104
66.53122145347277	n/a	NonTarget	1	17032
66.6562213998391	n/a	NonTarget	1	17064
66.78122134620541	n/a	Target	2	17096
66.90622129257173	n/a	NonTarget	1	17128
67.03122123893804	n/a	NonTarget	1	17160
67.15622118530436	n/a	NonTarget	1	17192
67.28122113167068	n/a	NonTarget	1	17224
67.406221078037	n/a	NonTarget	1	17256
67.53122102440332	n/a	NonTarget	1	17288
67.65622097076964	n/a	NonTarget	1	17320
67.78122091713595	n/a	NonTarget	1	17352
67.90622086350227	n/a	NonTarget	1	17384
68.03122080986859	n/a	NonTarget	1	17416
68.15622075623492	n/a	Target	2	17448
68.28122070260123	n/a	NonTarget	1	17480
68.40622064896755	n/a	NonTarget	1	17512
68.53122059533386	n/a	NonTarget	1	17544
68.65622054170018	n/a	NonTarget	1	17576
68.7812204880665	n/a	NonTarget	1	17608
68.90622043443281	n/a	NonTarget	1	17640
69.03122038079914	n/a	NonTarget	1	17672
69.15622032716546	n/a	NonTarget	1	17704
69.28122027353177	n/a	NonTarget	1	17736
69.40622021989809	n/a	NonTarget	1	17768
69.5312201662644	n/a	NonTarget	1	17800
69.65622011263072	n/a	NonTarget	1	17832
69.78122005899705	n/a	NonTarget	1	17864
69.90622000536337	n/a	Target	2	17896
70.03121995172968	n/a	NonTarget	1	17928
70.156219898096	n/a	NonTarget	1	17960
70.28121984446231	n/a	NonTarget	1	17992
70.40621979082863	n/a	NonTarget	1	18024
70.53121973719495	n/a	NonTarget	1	18056
70.65621968356128	n/a	NonTarget	1	18088
70.78121962992759	n/a	NonTarget	1	18120
70.9062195762939	n/a	NonTarget	1	18152
71.03121952266022	n/a	NonTarget	1	18184
71.15621946902654	n/a	NonTarget	1	18216
71.28121941539285	n/a	Target	2	18248
71.40621936175918	n/a	NonTarget	1	18280
71.5312193081255	n/a	NonTarget	1	18312
71.65621925449182	n/a	NonTarget	1	18344
71.78121920085813	n/a	NonTarget	1	18376
71.90621914722445	n/a	NonTarget	1	18408
72.03121909359076	n/a	NonTarget	1	18440
72.15621903995708	n/a	NonTarget	1	18472
72.28121898632341	n/a	NonTarget	1	18504
72.40621893268973	n/a	NonTarget	1	18536
72.53121887905604	n/a	NonTarget	1	18568
72.65621882542236	n/a	NonTarget	1	18600
72.78121877178867	n/a	NonTarget	1	18632
72.90621871815499	n/a	Target	2	18664
73.03121866452132	n/a	NonTarget	1	18696
73.15621861088763	n/a	NonTarget	1	18728
73.28121855725395	n/a	NonTarget	1	18760
73.40621850362027	n/a	NonTarget	1	18792
73.53121844998658	n/a	NonTarget	1	18824
73.6562183963529	n/a	NonTarget	1	18856
73.78121834271921	n/a	NonTarget	1	18888
73.90621828908554	n/a	NonTarget	1	18920
74.03121823545186	n/a	NonTarget	1	18952
74.15621818181818	n/a	NonTarget	1	18984
74.28121812818449	n/a	NonTarget	1	19016
74.40621807455081	n/a	NonTarget	1	19048
74.53121802091712	n/a	NonTarget	1	19080
74.65621796728345	n/a	Target	2	19112
74.78121791364977	n/a	NonTarget	1	19144
74.90621786001608	n/a	NonTarget	1	19176
75.0312178063824	n/a	NonTarget	1	19208
75.15621775274872	n/a	NonTarget	1	19240
75.28121769911503	n/a	NonTarget	1	19272
75.40621764548135	n/a	NonTarget	1	19304
75.53121759184768	n/a	NonTarget	1	19336
75.656217538214	n/a	Target	2	19368
75.78121748458031	n/a	NonTarget	1	19400
75.90621743094663	n/a	NonTarget	1	19432
76.03121737731294	n/a	NonTarget	1	19464
76.15621732367926	n/a	NonTarget	1	19496
76.28121727004559	n/a	NonTarget	1	19528
76.4062172164119	n/a	NonTarget	1	19560
76.53121716277822	n/a	NonTarget	1	19592
76.65621710914454	n/a	NonTarget	1	19624
76.78121705551085	n/a	NonTarget	1	19656
76.90621700187717	n/a	NonTarget	1	19688
77.03121694824348	n/a	NonTarget	1	19720
77.15621689460981	n/a	NonTarget	1	19752
77.28121684097613	n/a	NonTarget	1	19784
77.40621678734244	n/a	Target	2	19816
77.53121673370876	n/a	NonTarget	1	19848
77.65621668007508	n/a	NonTarget	1	19880
77.78121662644139	n/a	NonTarget	1	19912
77.90621657280772	n/a	NonTarget	1	19944
78.03121651917404	n/a	NonTarget	1	19976
78.15621646554035	n/a	NonTarget	1	20008
78.28121641190667	n/a	NonTarget	1	20040
78.40621635827299	n/a	NonTarget	1	20072
82.03121480289622	n/a	NonTarget	1	21000
82.15621474926253	n/a	NonTarget	1	21032
82.28121469562885	n/a	NonTarget	1	21064
82.40621464199516	n/a	NonTarget	1	21096
82.53121458836148	n/a	NonTarget	1	21128
82.6562145347278	n/a	NonTarget	1	21160
82.78121448109412	n/a	NonTarget	1	21192
82.90621442746044	n/a	NonTarget	1	21224
83.03121437382676	n/a	NonTarget	1	21256
83.15621432019307	n/a	NonTarget	1	21288
83.28121426655939	n/a	Target	2	21320
83.4062142129257	n/a	NonTarget	1	21352
83.53121415929203	n/a	NonTarget	1	21384
83.65621410565835	n/a	NonTarget	1	21416
83.78121405202467	n/a	NonTarget	1	21448
83.90621399839098	n/a	NonTarget	1	21480
84.0312139447573	n/a	NonTarget	1	21512
84.15621389112361	n/a	NonTarget	1	21544
84.28121383748993	n/a	Target	2	21576
84.40621378385626	n/a	NonTarget	1	21608
84.53121373022258	n/a	NonTarget	1	21640
84.65621367658889	n/a	NonTarget	1	21672
84.7812136229552	n/a	NonTarget	1	21704
84.90621356932152	n/a	NonTarget	1	21736
85.03121351568784	n/a	NonTarget	1	21768
85.15621346205417	n/a	NonTarget	1	21800
85.28121340842048	n/a	NonTarget	1	21832
85.4062133547868	n/a	NonTarget	1	21864
85.53121330115312	n/a	NonTarget	1	21896
85.65621324751943	n/a	NonTarget	1	21928
85.78121319388575	n/a	NonTarget	1	21960
85.90621314025206	n/a	NonTarget	1	21992
86.0312130866184	n/a	NonTarget	1	22024
86.15621303298471	n/a	NonTarget	1	22056
86.28121297935103	n/a	Target	2	22088
86.40621292571734	n/a	NonTarget	1	22120
86.53121287208366	n/a	NonTarget	1	22152
86.65621281844997	n/a	NonTarget	1	22184
86.7812127648163	n/a	NonTarget	1	22216
86.90621271118262	n/a	NonTarget	1	22248
87.03121265754893	n/a	NonTarget	1	22280
87.15621260391525	n/a	NonTarget	1	22312
87.28121255028157	n/a	NonTarget	1	22344
87.40621249664788	n/a	NonTarget	1	22376
87.5312124430142	n/a	NonTarget	1	22408
87.65621238938053	n/a	NonTarget	1	22440
87.78121233574684	n/a	Target	2	22472
87.90621228211316	n/a	NonTarget	1	22504
88.03121222847948	n/a	NonTarget	1	22536
88.15621217484579	n/a	NonTarget	1	22568
88.2812121212121	n/a	NonTarget	1	22600
88.40621206757844	n/a	NonTarget	1	22632
88.53121201394475	n/a	NonTarget	1	22664
88.65621196031107	n/a	NonTarget	1	22696
88.78121190667738	n/a	Target	2	22728
88.9062118530437	n/a	NonTarget	1	22760
89.03121179941002	n/a	NonTarget	1	22792
89.15621174577633	n/a	NonTarget	1	22824
89.28121169214266	n/a	NonTarget	1	22856
89.40621163850898	n/a	NonTarget	1	22888
89.5312115848753	n/a	NonTarget	1	22920
89.65621153124161	n/a	NonTarget	1	22952
89.78121147760793	n/a	NonTarget	1	22984
89.90621142397424	n/a	NonTarget	1	23016
90.03121137034057	n/a	NonTarget	1	23048
90.15621131670689	n/a	NonTarget	1	23080
90.2812112630732	n/a	NonTarget	1	23112
90.40621120943952	n/a	NonTarget	1	23144
90.53121115580583	n/a	NonTarget	1	23176
90.65621110217215	n/a	Target	2	23208
90.78121104853847	n/a	NonTarget	1	23240
90.9062109949048	n/a	NonTarget	1	23272
91.03121094127111	n/a	NonTarget	1	23304
91.15621088763743	n/a	NonTarget	1	23336
91.28121083400374	n/a	NonTarget	1	23368
91.40621078037006	n/a	NonTarget	1	23400
91.53121072673638	n/a	NonTarget	1	23432
91.6562106731027	n/a	NonTarget	1	23464
91.78121061946902	n/a	NonTarget	1	23496
91.90621056583534	n/a	NonTarget	1	23528
92.03121051220165	n/a	Target	2	23560
92.15621045856797	n/a	NonTarget	1	23592
92.28121040493428	n/a	NonTarget	1	23624
92.4062103513006	n/a	NonTarget	1	23656
92.53121029766693	n/a	NonTarget	1	23688
92.65621024403325	n/a	NonTarget	1	23720
92.78121019039956	n/a	NonTarget	1	23752
92.90621013676588	n/a	NonTarget	1	23784
93.0312100831322	n/a	NonTarget	1	23816
93.15621002949851	n/a	NonTarget	1	23848
93.28120997586484	n/a	NonTarget	1	23880
93.40620992223116	n/a	NonTarget	1	23912
93.53120986859747	n/a	NonTarget	1	23944
93.65620981496379	n/a	NonTarget	1	23976
93.7812097613301	n/a	Target	2	24008
93.90620970769642	n/a	NonTarget	1	24040
97.53120815231965	n/a	NonTarget	1	24968
97.65620809868597	n/a	NonTarget	1	25000
97.78120804505228	n/a	NonTarget	1	25032
97.9062079914186	n/a	NonTarget	1	25064
98.03120793778491	n/a	NonTarget	1	25096
98.15620788415124	n/a	NonTarget	1	25128
98.28120783051756	n/a	NonTarget	1	25160
98.40620777688387	n/a	NonTarget	1	25192
98.53120772325019	n/a	NonTarget	1	25224
98.6562076696165	n/a	NonTarget	1	25256
98.78120761598282	n/a	Target	2	25288
98.90620756234915	n/a	NonTarget	1	25320
99.03120750871547	n/a	NonTarget	1	25352
99.15620745508178	n/a	NonTarget	1	25384
99.2812074014481	n/a	NonTarget	1	25416
99.40620734781442	n/a	NonTarget	1	25448
99.53120729418073	n/a	NonTarget	1	25480
99.65620724054705	n/a	NonTarget	1	25512
99.78120718691338	n/a	NonTarget	1	25544
99.9062071332797	n/a	NonTarget	1	25576
100.03120707964601	n/a	NonTarget	1	25608
100.15620702601232	n/a	Target	2	25640
100.28120697237864	n/a	NonTarget	1	25672
100.40620691874496	n/a	NonTarget	1	25704
100.53120686511129	n/a	NonTarget	1	25736
100.6562068114776	n/a	NonTarget	1	25768
100.78120675784392	n/a	NonTarget	1	25800
100.90620670421023	n/a	NonTarget	1	25832
101.03120665057655	n/a	NonTarget	1	25864
101.15620659694287	n/a	NonTarget	1	25896
101.28120654330918	n/a	NonTarget	1	25928
101.40620648967551	n/a	Target	2	25960
101.53120643604183	n/a	NonTarget	1	25992
101.65620638240814	n/a	NonTarget	1	26024
101.78120632877446	n/a	NonTarget	1	26056
101.90620627514078	n/a	NonTarget	1	26088
102.03120622150709	n/a	NonTarget	1	26120
102.15620616787342	n/a	NonTarget	1	26152
102.28120611423974	n/a	NonTarget	1	26184
102.40620606060605	n/a	NonTarget	1	26216
102.53120600697237	n/a	NonTarget	1	26248
102.65620595333868	n/a	NonTarget	1	26280
102.781205899705	n/a	NonTarget	1	26312
102.90620584607132	n/a	NonTarget	1	26344
103.03120579243765	n/a	NonTarget	1	26376
103.15620573880396	n/a	NonTarget	1	26408
103.28120568517028	n/a	NonTarget	1	26440
103.4062056315366	n/a	Target	2	26472
103.53120557790291	n/a	NonTarget	1	26504
103.65620552426923	n/a	NonTarget	1	26536
103.78120547063556	n/a	NonTarget	1	26568
103.90620541700187	n/a	NonTarget	1	26600
104.03120536336819	n/a	NonTarget	1	26632
104.1562053097345	n/a	NonTarget	1	26664
104.28120525610082	n/a	Target	2	26696
104.40620520246713	n/a	NonTarget	1	26728
104.53120514883345	n/a	NonTarget	1	26760
104.65620509519978	n/a	NonTarget	1	26792
104.7812050415661	n/a	NonTarget	1	26824
104.90620498793241	n/a	NonTarget	1	26856
105.03120493429873	n/a	NonTarget	1	26888
105.15620488066504	n/a	NonTarget	1	26920
105.28120482703136	n/a	NonTarget	1	26952
105.40620477339769	n/a	NonTarget	1	26984
105.531204719764	n/a	NonTarget	1	27016
105.65620466613032	n/a	NonTarget	1	27048
105.78120461249664	n/a	NonTarget	1	27080
105.90620455886295	n/a	NonTarget	1	27112
106.03120450522927	n/a	NonTarget	1	27144
106.15620445159558	n/a	NonTarget	1	27176
106.28120439796191	n/a	Target	2	27208
106.40620434432823	n/a	NonTarget	1	27240
106.53120429069455	n/a	NonTarget	1	27272
106.65620423706086	n/a	NonTarget	1	27304
106.78120418342718	n/a	NonTarget	1	27336
106.9062041297935	n/a	NonTarget	1	27368
107.03120407615982	n/a	NonTarget	1	27400
107.15620402252614	n/a	NonTarget	1	27432
107.28120396889246	n/a	NonTarget	1	27464
107.40620391525877	n/a	NonTarget	1	27496
107.53120386162509	n/a	NonTarget	1	27528
107.6562038079914	n/a	Target	2	27560
107.78120375435772	n/a	NonTarget	1	27592
107.90620370072405	n/a	NonTarget	1	27624
108.03120364709036	n/a	NonTarget	1	27656
108.15620359345668	n/a	NonTarget	1	27688
108.281203539823	n/a	NonTarget	1	27720
108.40620348618931	n/a	NonTarget	1	27752
108.53120343255563	n/a	NonTarget	1	27784
108.65620337892196	n/a	NonTarget	1	27816
108.78120332528827	n/a	NonTarget	1	27848
108.90620327165459	n/a	NonTarget	1	27880
109.0312032180209	n/a	NonTarget	1	27912
109.15620316438722	n/a	NonTarget	1	27944
109.28120311075354	n/a	NonTarget	1	27976
109.40620305711985	n/a	Target	2	28008
