onset	duration	trial_type	value	sample
4.531248352647126	1.0	NonTarget	1	1160
4.656248307202909	1.0	NonTarget	1	1192
4.781248261758692	1.0	NonTarget	1	1224
4.9062482163144745	1.0	NonTarget	1	1256
5.031248170870257	1.0	NonTarget	1	1288
5.15624812542604	1.0	Target	2	1320
5.281248079981823	1.0	NonTarget	1	1352
5.406248034537605	1.0	NonTarget	1	1384
5.531247989093388	1.0	NonTarget	1	1416
5.656247943649171	1.0	NonTarget	1	1448
5.7812478982049536	1.0	NonTarget	1	1480
5.906247852760736	1.0	NonTarget	1	1512
6.031247807316519	1.0	NonTarget	1	1544
6.156247761872302	1.0	NonTarget	1	1576
6.281247716428085	1.0	Target	2	1608
6.406247670983868	1.0	NonTarget	1	1640
6.531247625539651	1.0	NonTarget	1	1672
6.6562475800954335	1.0	NonTarget	1	1704
6.781247534651216	1.0	NonTarget	1	1736
6.906247489206999	1.0	NonTarget	1	1768
7.031247443762782	1.0	NonTarget	1	1800
7.156247398318564	1.0	NonTarget	1	1832
7.281247352874347	1.0	NonTarget	1	1864
7.40624730743013	1.0	NonTarget	1	1896
7.5312472619859125	1.0	NonTarget	1	1928
7.656247216541695	1.0	NonTarget	1	1960
7.781247171097478	1.0	NonTarget	1	1992
7.906247125653261	1.0	Target	2	2024
8.031247080209043	1.0	NonTarget	1	2056
8.156247034764826	1.0	NonTarget	1	2088
8.281246989320609	1.0	NonTarget	1	2120
8.406246943876392	1.0	NonTarget	1	2152
8.531246898432174	1.0	NonTarget	1	2184
8.656246852987957	1.0	NonTarget	1	2216
8.78124680754374	1.0	NonTarget	1	2248
8.906246762099524	1.0	NonTarget	1	2280
9.031246716655307	1.0	NonTarget	1	2312
9.15624667121109	1.0	NonTarget	1	2344
9.281246625766872	1.0	NonTarget	1	2376
9.406246580322655	1.0	NonTarget	1	2408
9.531246534878438	1.0	Target	2	2440
9.65624648943422	1.0	NonTarget	1	2472
9.781246443990003	1.0	NonTarget	1	2504
9.906246398545786	1.0	NonTarget	1	2536
10.031246353101569	1.0	NonTarget	1	2568
10.156246307657351	1.0	NonTarget	1	2600
10.281246262213134	1.0	NonTarget	1	2632
10.406246216768917	1.0	NonTarget	1	2664
10.5312461713247	1.0	NonTarget	1	2696
10.656246125880482	1.0	NonTarget	1	2728
10.781246080436265	1.0	Target	2	2760
10.906246034992048	1.0	NonTarget	1	2792
11.03124598954783	1.0	NonTarget	1	2824
11.156245944103613	1.0	NonTarget	1	2856
11.281245898659396	1.0	NonTarget	1	2888
11.406245853215179	1.0	NonTarget	1	2920
11.531245807770961	1.0	NonTarget	1	2952
11.656245762326744	1.0	NonTarget	1	2984
11.781245716882527	1.0	NonTarget	1	3016
11.90624567143831	1.0	NonTarget	1	3048
12.031245625994092	1.0	NonTarget	1	3080
12.156245580549875	1.0	Target	2	3112
12.281245535105658	1.0	NonTarget	1	3144
12.40624548966144	1.0	NonTarget	1	3176
12.531245444217225	1.0	NonTarget	1	3208
12.656245398773008	1.0	NonTarget	1	3240
12.78124535332879	1.0	NonTarget	1	3272
12.906245307884573	1.0	NonTarget	1	3304
13.031245262440356	1.0	NonTarget	1	3336
13.156245216996139	1.0	NonTarget	1	3368
13.281245171551921	1.0	NonTarget	1	3400
13.406245126107704	1.0	NonTarget	1	3432
13.531245080663487	1.0	NonTarget	1	3464
13.65624503521927	1.0	NonTarget	1	3496
13.781244989775052	1.0	NonTarget	1	3528
13.906244944330835	1.0	NonTarget	1	3560
14.031244898886618	1.0	NonTarget	1	3592
14.1562448534424	1.0	Target	2	3624
14.281244807998183	1.0	NonTarget	1	3656
14.406244762553966	1.0	NonTarget	1	3688
14.531244717109749	1.0	NonTarget	1	3720
14.656244671665531	1.0	NonTarget	1	3752
14.781244626221314	1.0	NonTarget	1	3784
14.906244580777097	1.0	NonTarget	1	3816
15.03124453533288	1.0	NonTarget	1	3848
15.156244489888662	1.0	NonTarget	1	3880
15.281244444444445	1.0	Target	2	3912
15.406244399000228	1.0	NonTarget	1	3944
15.53124435355601	1.0	NonTarget	1	3976
15.656244308111793	1.0	NonTarget	1	4008
15.781244262667576	1.0	NonTarget	1	4040
15.906244217223358	1.0	NonTarget	1	4072
16.031244171779143	1.0	NonTarget	1	4104
16.156244126334926	1.0	NonTarget	1	4136
16.28124408089071	1.0	NonTarget	1	4168
16.40624403544649	1.0	NonTarget	1	4200
16.531243990002274	1.0	NonTarget	1	4232
16.656243944558057	1.0	NonTarget	1	4264
16.78124389911384	1.0	NonTarget	1	4296
16.906243853669622	1.0	Target	2	4328
17.031243808225405	1.0	NonTarget	1	4360
17.156243762781187	1.0	NonTarget	1	4392
17.28124371733697	1.0	NonTarget	1	4424
17.406243671892753	1.0	NonTarget	1	4456
17.531243626448536	1.0	NonTarget	1	4488
17.65624358100432	1.0	NonTarget	1	4520
17.7812435355601	1.0	NonTarget	1	4552
17.906243490115884	1.0	NonTarget	1	4584
18.031243444671667	1.0	NonTarget	1	4616
18.15624339922745	1.0	Target	2	4648
18.281243353783232	1.0	NonTarget	1	4680
18.406243308339015	1.0	NonTarget	1	4712
18.531243262894797	1.0	NonTarget	1	4744
18.65624321745058	1.0	NonTarget	1	4776
18.781243172006363	1.0	NonTarget	1	4808
18.906243126562146	1.0	NonTarget	1	4840
19.03124308111793	1.0	NonTarget	1	4872
19.15624303567371	1.0	NonTarget	1	4904
19.281242990229494	1.0	NonTarget	1	4936
19.406242944785276	1.0	NonTarget	1	4968
23.03124162690298	1.0	Target	2	5896
23.15624158145876	1.0	NonTarget	1	5928
23.281241536014544	1.0	NonTarget	1	5960
23.406241490570327	1.0	NonTarget	1	5992
23.53124144512611	1.0	NonTarget	1	6024
23.656241399681893	1.0	NonTarget	1	6056
23.781241354237675	1.0	NonTarget	1	6088
23.906241308793458	1.0	NonTarget	1	6120
24.03124126334924	1.0	NonTarget	1	6152
24.156241217905023	1.0	NonTarget	1	6184
24.281241172460806	1.0	NonTarget	1	6216
24.40624112701659	1.0	NonTarget	1	6248
24.53124108157237	1.0	NonTarget	1	6280
24.656241036128154	1.0	NonTarget	1	6312
24.781240990683937	1.0	NonTarget	1	6344
24.90624094523972	1.0	NonTarget	1	6376
25.031240899795502	1.0	Target	2	6408
25.156240854351285	1.0	NonTarget	1	6440
25.281240808907068	1.0	NonTarget	1	6472
25.40624076346285	1.0	NonTarget	1	6504
25.531240718018633	1.0	NonTarget	1	6536
25.656240672574416	1.0	NonTarget	1	6568
25.7812406271302	1.0	NonTarget	1	6600
25.90624058168598	1.0	NonTarget	1	6632
26.031240536241764	1.0	NonTarget	1	6664
26.156240490797547	1.0	NonTarget	1	6696
26.28124044535333	1.0	NonTarget	1	6728
26.406240399909112	1.0	Target	2	6760
26.531240354464895	1.0	NonTarget	1	6792
26.656240309020678	1.0	NonTarget	1	6824
26.78124026357646	1.0	NonTarget	1	6856
26.906240218132243	1.0	NonTarget	1	6888
27.031240172688026	1.0	NonTarget	1	6920
27.15624012724381	1.0	NonTarget	1	6952
27.28124008179959	1.0	NonTarget	1	6984
27.406240036355374	1.0	NonTarget	1	7016
27.531239990911157	1.0	NonTarget	1	7048
27.65623994546694	1.0	NonTarget	1	7080
27.781239900022722	1.0	NonTarget	1	7112
27.906239854578505	1.0	NonTarget	1	7144
28.031239809134288	1.0	Target	2	7176
28.15623976369007	1.0	NonTarget	1	7208
28.281239718245853	1.0	NonTarget	1	7240
28.406239672801636	1.0	NonTarget	1	7272
28.531239627357422	1.0	NonTarget	1	7304
28.656239581913205	1.0	NonTarget	1	7336
28.781239536468988	1.0	NonTarget	1	7368
28.90623949102477	1.0	NonTarget	1	7400
29.031239445580553	1.0	NonTarget	1	7432
29.156239400136336	1.0	NonTarget	1	7464
29.28123935469212	1.0	NonTarget	1	7496
29.4062393092479	1.0	NonTarget	1	7528
29.531239263803684	1.0	NonTarget	1	7560
29.656239218359467	1.0	Target	2	7592
29.78123917291525	1.0	NonTarget	1	7624
29.906239127471032	1.0	NonTarget	1	7656
30.031239082026815	1.0	NonTarget	1	7688
30.156239036582598	1.0	NonTarget	1	7720
30.28123899113838	1.0	NonTarget	1	7752
30.406238945694163	1.0	NonTarget	1	7784
30.531238900249946	1.0	NonTarget	1	7816
30.65623885480573	1.0	NonTarget	1	7848
30.78123880936151	1.0	NonTarget	1	7880
30.906238763917294	1.0	Target	2	7912
31.031238718473077	1.0	NonTarget	1	7944
31.15623867302886	1.0	NonTarget	1	7976
31.281238627584642	1.0	NonTarget	1	8008
31.406238582140425	1.0	NonTarget	1	8040
31.531238536696208	1.0	NonTarget	1	8072
31.65623849125199	1.0	NonTarget	1	8104
31.781238445807773	1.0	NonTarget	1	8136
31.906238400363556	1.0	NonTarget	1	8168
32.03123835491934	1.0	NonTarget	1	8200
32.15623830947512	1.0	NonTarget	1	8232
32.281238264030904	1.0	NonTarget	1	8264
32.40623821858669	1.0	Target	2	8296
32.53123817314247	1.0	NonTarget	1	8328
32.65623812769825	1.0	NonTarget	1	8360
32.781238082254035	1.0	NonTarget	1	8392
32.90623803680982	1.0	NonTarget	1	8424
33.0312379913656	1.0	NonTarget	1	8456
33.15623794592138	1.0	NonTarget	1	8488
33.281237900477166	1.0	NonTarget	1	8520
33.40623785503295	1.0	NonTarget	1	8552
33.53123780958873	1.0	Target	2	8584
33.656237764144514	1.0	NonTarget	1	8616
33.7812377187003	1.0	NonTarget	1	8648
33.90623767325608	1.0	NonTarget	1	8680
34.03123762781186	1.0	NonTarget	1	8712
34.156237582367645	1.0	NonTarget	1	8744
34.28123753692343	1.0	NonTarget	1	8776
34.40623749147921	1.0	NonTarget	1	8808
34.53123744603499	1.0	NonTarget	1	8840
34.656237400590776	1.0	NonTarget	1	8872
34.78123735514656	1.0	NonTarget	1	8904
34.90623730970234	1.0	NonTarget	1	8936
35.031237264258124	1.0	Target	2	8968
35.15623721881391	1.0	NonTarget	1	9000
35.28123717336969	1.0	NonTarget	1	9032
35.40623712792547	1.0	NonTarget	1	9064
35.531237082481255	1.0	NonTarget	1	9096
35.65623703703704	1.0	NonTarget	1	9128
35.78123699159282	1.0	NonTarget	1	9160
35.9062369461486	1.0	NonTarget	1	9192
36.031236900704386	1.0	NonTarget	1	9224
36.15623685526017	1.0	NonTarget	1	9256
36.28123680981595	1.0	NonTarget	1	9288
36.406236764371734	1.0	NonTarget	1	9320
36.53123671892752	1.0	NonTarget	1	9352
36.6562366734833	1.0	NonTarget	1	9384
36.78123662803908	1.0	NonTarget	1	9416
36.906236582594865	1.0	Target	2	9448
37.03123653715065	1.0	NonTarget	1	9480
37.15623649170643	1.0	NonTarget	1	9512
37.28123644626221	1.0	NonTarget	1	9544
37.406236400817996	1.0	NonTarget	1	9576
37.53123635537378	1.0	NonTarget	1	9608
37.65623630992956	1.0	NonTarget	1	9640
37.781236264485344	1.0	NonTarget	1	9672
37.906236219041126	1.0	NonTarget	1	9704
41.53123490115883	1.0	NonTarget	1	10632
41.656234855714615	1.0	NonTarget	1	10664
41.7812348102704	1.0	NonTarget	1	10696
41.90623476482618	1.0	NonTarget	1	10728
42.03123471938196	1.0	NonTarget	1	10760
42.156234673937746	1.0	NonTarget	1	10792
42.28123462849353	1.0	NonTarget	1	10824
42.40623458304931	1.0	Target	2	10856
42.531234537605094	1.0	NonTarget	1	10888
42.65623449216088	1.0	NonTarget	1	10920
42.78123444671666	1.0	NonTarget	1	10952
42.90623440127244	1.0	NonTarget	1	10984
43.031234355828225	1.0	NonTarget	1	11016
43.15623431038401	1.0	NonTarget	1	11048
43.28123426493979	1.0	NonTarget	1	11080
43.40623421949557	1.0	NonTarget	1	11112
43.531234174051356	1.0	NonTarget	1	11144
43.65623412860714	1.0	NonTarget	1	11176
43.78123408316292	1.0	Target	2	11208
43.906234037718704	1.0	NonTarget	1	11240
44.03123399227449	1.0	NonTarget	1	11272
44.15623394683027	1.0	NonTarget	1	11304
44.28123390138605	1.0	NonTarget	1	11336
44.406233855941835	1.0	NonTarget	1	11368
44.53123381049762	1.0	NonTarget	1	11400
44.6562337650534	1.0	NonTarget	1	11432
44.78123371960918	1.0	NonTarget	1	11464
44.906233674164966	1.0	NonTarget	1	11496
45.03123362872075	1.0	NonTarget	1	11528
45.15623358327653	1.0	NonTarget	1	11560
45.281233537832314	1.0	NonTarget	1	11592
45.4062334923881	1.0	NonTarget	1	11624
45.53123344694388	1.0	NonTarget	1	11656
45.65623340149966	1.0	NonTarget	1	11688
45.781233356055445	1.0	NonTarget	1	11720
45.90623331061123	1.0	Target	2	11752
46.03123326516701	1.0	NonTarget	1	11784
46.15623321972279	1.0	NonTarget	1	11816
46.281233174278576	1.0	NonTarget	1	11848
46.40623312883436	1.0	NonTarget	1	11880
46.53123308339014	1.0	NonTarget	1	11912
46.656233037945924	1.0	NonTarget	1	11944
46.78123299250171	1.0	NonTarget	1	11976
46.90623294705749	1.0	Target	2	12008
47.03123290161327	1.0	NonTarget	1	12040
47.156232856169055	1.0	NonTarget	1	12072
47.28123281072484	1.0	NonTarget	1	12104
47.40623276528062	1.0	NonTarget	1	12136
47.5312327198364	1.0	NonTarget	1	12168
47.656232674392186	1.0	NonTarget	1	12200
47.78123262894797	1.0	NonTarget	1	12232
47.90623258350375	1.0	NonTarget	1	12264
48.031232538059534	1.0	NonTarget	1	12296
48.15623249261532	1.0	NonTarget	1	12328
48.2812324471711	1.0	NonTarget	1	12360
48.40623240172688	1.0	NonTarget	1	12392
48.531232356282665	1.0	NonTarget	1	12424
48.65623231083845	1.0	Target	2	12456
48.78123226539423	1.0	NonTarget	1	12488
48.90623221995001	1.0	NonTarget	1	12520
49.031232174505796	1.0	NonTarget	1	12552
49.15623212906158	1.0	NonTarget	1	12584
49.28123208361736	1.0	NonTarget	1	12616
49.406232038173144	1.0	NonTarget	1	12648
49.53123199272893	1.0	NonTarget	1	12680
49.65623194728471	1.0	NonTarget	1	12712
49.78123190184049	1.0	NonTarget	1	12744
49.906231856396275	1.0	Target	2	12776
50.03123181095206	1.0	NonTarget	1	12808
50.15623176550784	1.0	NonTarget	1	12840
50.28123172006362	1.0	NonTarget	1	12872
50.406231674619406	1.0	NonTarget	1	12904
50.53123162917519	1.0	NonTarget	1	12936
50.65623158373097	1.0	NonTarget	1	12968
50.781231538286754	1.0	NonTarget	1	13000
50.90623149284254	1.0	NonTarget	1	13032
51.03123144739832	1.0	NonTarget	1	13064
51.1562314019541	1.0	NonTarget	1	13096
51.281231356509885	1.0	NonTarget	1	13128
51.40623131106567	1.0	NonTarget	1	13160
51.53123126562145	1.0	Target	2	13192
51.65623122017723	1.0	NonTarget	1	13224
51.781231174733016	1.0	NonTarget	1	13256
51.9062311292888	1.0	NonTarget	1	13288
52.03123108384458	1.0	NonTarget	1	13320
52.156231038400364	1.0	NonTarget	1	13352
52.28123099295615	1.0	NonTarget	1	13384
52.40623094751193	1.0	NonTarget	1	13416
52.53123090206771	1.0	NonTarget	1	13448
52.656230856623495	1.0	NonTarget	1	13480
52.78123081117928	1.0	NonTarget	1	13512
52.90623076573506	1.0	NonTarget	1	13544
53.03123072029084	1.0	NonTarget	1	13576
53.156230674846626	1.0	NonTarget	1	13608
53.28123062940241	1.0	Target	2	13640
53.40623058395819	1.0	NonTarget	1	13672
53.53123053851398	1.0	NonTarget	1	13704
53.656230493069764	1.0	NonTarget	1	13736
53.781230447625546	1.0	NonTarget	1	13768
53.90623040218133	1.0	NonTarget	1	13800
54.03123035673711	1.0	NonTarget	1	13832
54.156230311292894	1.0	NonTarget	1	13864
54.28123026584868	1.0	NonTarget	1	13896
54.40623022040446	1.0	Target	2	13928
54.53123017496024	1.0	NonTarget	1	13960
54.656230129516025	1.0	NonTarget	1	13992
54.78123008407181	1.0	NonTarget	1	14024
54.90623003862759	1.0	NonTarget	1	14056
55.03122999318337	1.0	NonTarget	1	14088
55.156229947739156	1.0	NonTarget	1	14120
55.28122990229494	1.0	NonTarget	1	14152
55.40622985685072	1.0	NonTarget	1	14184
55.531229811406504	1.0	NonTarget	1	14216
55.65622976596229	1.0	NonTarget	1	14248
55.78122972051807	1.0	NonTarget	1	14280
55.90622967507385	1.0	Target	2	14312
56.031229629629635	1.0	NonTarget	1	14344
56.15622958418542	1.0	NonTarget	1	14376
56.2812295387412	1.0	NonTarget	1	14408
56.40622949329698	1.0	NonTarget	1	14440
60.03122817541468	1.0	NonTarget	1	15368
60.156228129970465	1.0	NonTarget	1	15400
60.28122808452625	1.0	NonTarget	1	15432
60.40622803908203	1.0	NonTarget	1	15464
60.53122799363781	1.0	NonTarget	1	15496
60.656227948193596	1.0	NonTarget	1	15528
60.78122790274938	1.0	NonTarget	1	15560
60.90622785730516	1.0	NonTarget	1	15592
61.031227811860944	1.0	NonTarget	1	15624
61.15622776641673	1.0	NonTarget	1	15656
61.28122772097251	1.0	Target	2	15688
61.40622767552829	1.0	NonTarget	1	15720
61.531227630084075	1.0	NonTarget	1	15752
61.65622758463986	1.0	NonTarget	1	15784
61.78122753919564	1.0	NonTarget	1	15816
61.90622749375142	1.0	NonTarget	1	15848
62.031227448307206	1.0	NonTarget	1	15880
62.15622740286299	1.0	NonTarget	1	15912
62.28122735741877	1.0	Target	2	15944
62.406227311974554	1.0	NonTarget	1	15976
62.53122726653034	1.0	NonTarget	1	16008
62.65622722108612	1.0	NonTarget	1	16040
62.7812271756419	1.0	NonTarget	1	16072
62.906227130197685	1.0	NonTarget	1	16104
63.03122708475347	1.0	NonTarget	1	16136
63.15622703930925	1.0	NonTarget	1	16168
63.28122699386503	1.0	NonTarget	1	16200
63.406226948420816	1.0	NonTarget	1	16232
63.5312269029766	1.0	NonTarget	1	16264
63.65622685753238	1.0	NonTarget	1	16296
63.781226812088164	1.0	Target	2	16328
63.90622676664395	1.0	NonTarget	1	16360
64.03122672119973	1.0	NonTarget	1	16392
64.15622667575552	1.0	NonTarget	1	16424
64.2812266303113	1.0	NonTarget	1	16456
64.40622658486708	1.0	NonTarget	1	16488
64.53122653942286	1.0	NonTarget	1	16520
64.65622649397865	1.0	NonTarget	1	16552
64.78122644853443	1.0	NonTarget	1	16584
64.90622640309022	1.0	NonTarget	1	16616
65.03122635764599	1.0	NonTarget	1	16648
65.15622631220178	1.0	NonTarget	1	16680
65.28122626675756	1.0	NonTarget	1	16712
65.40622622131335	1.0	NonTarget	1	16744
65.53122617586912	1.0	NonTarget	1	16776
65.65622613042491	1.0	NonTarget	1	16808
65.78122608498069	1.0	Target	2	16840
65.90622603953648	1.0	NonTarget	1	16872
66.03122599409225	1.0	NonTarget	1	16904
66.15622594864804	1.0	NonTarget	1	16936
66.28122590320382	1.0	NonTarget	1	16968
66.40622585775961	1.0	NonTarget	1	17000
66.53122581231538	1.0	NonTarget	1	17032
66.65622576687117	1.0	NonTarget	1	17064
66.78122572142695	1.0	NonTarget	1	17096
66.90622567598274	1.0	NonTarget	1	17128
67.03122563053851	1.0	NonTarget	1	17160
67.1562255850943	1.0	NonTarget	1	17192
67.28122553965008	1.0	NonTarget	1	17224
67.40622549420587	1.0	Target	2	17256
67.53122544876165	1.0	NonTarget	1	17288
67.65622540331744	1.0	NonTarget	1	17320
67.78122535787321	1.0	NonTarget	1	17352
67.906225312429	1.0	NonTarget	1	17384
68.03122526698478	1.0	NonTarget	1	17416
68.15622522154057	1.0	NonTarget	1	17448
68.28122517609634	1.0	NonTarget	1	17480
68.40622513065213	1.0	NonTarget	1	17512
68.53122508520791	1.0	NonTarget	1	17544
68.6562250397637	1.0	Target	2	17576
68.78122499431947	1.0	NonTarget	1	17608
68.90622494887526	1.0	NonTarget	1	17640
69.03122490343104	1.0	NonTarget	1	17672
69.15622485798683	1.0	NonTarget	1	17704
69.2812248125426	1.0	NonTarget	1	17736
69.4062247670984	1.0	NonTarget	1	17768
69.53122472165417	1.0	NonTarget	1	17800
69.65622467620996	1.0	NonTarget	1	17832
69.78122463076573	1.0	NonTarget	1	17864
69.90622458532152	1.0	NonTarget	1	17896
70.0312245398773	1.0	NonTarget	1	17928
70.15622449443309	1.0	NonTarget	1	17960
70.28122444898887	1.0	NonTarget	1	17992
70.40622440354466	1.0	Target	2	18024
70.53122435810043	1.0	NonTarget	1	18056
70.65622431265622	1.0	NonTarget	1	18088
70.781224267212	1.0	NonTarget	1	18120
70.90622422176779	1.0	NonTarget	1	18152
71.03122417632356	1.0	NonTarget	1	18184
71.15622413087935	1.0	NonTarget	1	18216
71.28122408543513	1.0	Target	2	18248
71.40622403999092	1.0	NonTarget	1	18280
71.53122399454669	1.0	NonTarget	1	18312
71.65622394910248	1.0	NonTarget	1	18344
71.78122390365826	1.0	NonTarget	1	18376
71.90622385821405	1.0	NonTarget	1	18408
72.03122381276982	1.0	NonTarget	1	18440
72.15622376732561	1.0	NonTarget	1	18472
72.28122372188139	1.0	NonTarget	1	18504
72.40622367643718	1.0	NonTarget	1	18536
72.53122363099295	1.0	NonTarget	1	18568
72.65622358554874	1.0	NonTarget	1	18600
72.78122354010452	1.0	NonTarget	1	18632
72.90622349466031	1.0	NonTarget	1	18664
73.03122344921609	1.0	NonTarget	1	18696
73.15622340377188	1.0	Target	2	18728
73.28122335832765	1.0	NonTarget	1	18760
73.40622331288344	1.0	NonTarget	1	18792
73.53122326743922	1.0	NonTarget	1	18824
73.656223221995	1.0	NonTarget	1	18856
73.78122317655078	1.0	NonTarget	1	18888
73.90622313110657	1.0	NonTarget	1	18920
74.03122308566235	1.0	NonTarget	1	18952
74.15622304021814	1.0	NonTarget	1	18984
74.28122299477391	1.0	NonTarget	1	19016
74.4062229493297	1.0	NonTarget	1	19048
74.53122290388548	1.0	NonTarget	1	19080
74.65622285844127	1.0	Target	2	19112
74.78122281299706	1.0	NonTarget	1	19144
74.90622276755283	1.0	NonTarget	1	19176
78.53122144967054	1.0	NonTarget	1	20104
78.65622140422632	1.0	NonTarget	1	20136
78.7812213587821	1.0	NonTarget	1	20168
78.90622131333788	1.0	NonTarget	1	20200
79.03122126789367	1.0	Target	2	20232
79.15622122244945	1.0	NonTarget	1	20264
79.28122117700524	1.0	NonTarget	1	20296
79.40622113156101	1.0	NonTarget	1	20328
79.5312210861168	1.0	NonTarget	1	20360
79.65622104067258	1.0	NonTarget	1	20392
79.78122099522837	1.0	NonTarget	1	20424
79.90622094978414	1.0	NonTarget	1	20456
80.03122090433993	1.0	NonTarget	1	20488
80.15622085889571	1.0	NonTarget	1	20520
80.2812208134515	1.0	NonTarget	1	20552
80.40622076800727	1.0	NonTarget	1	20584
80.53122072256306	1.0	NonTarget	1	20616
80.65622067711884	1.0	Target	2	20648
80.78122063167463	1.0	NonTarget	1	20680
80.9062205862304	1.0	NonTarget	1	20712
81.0312205407862	1.0	NonTarget	1	20744
81.15622049534197	1.0	NonTarget	1	20776
81.28122044989776	1.0	NonTarget	1	20808
81.40622040445353	1.0	NonTarget	1	20840
81.53122035900932	1.0	NonTarget	1	20872
81.6562203135651	1.0	NonTarget	1	20904
81.78122026812089	1.0	Target	2	20936
81.90622022267667	1.0	NonTarget	1	20968
82.03122017723246	1.0	NonTarget	1	21000
82.15622013178823	1.0	NonTarget	1	21032
82.28122008634402	1.0	NonTarget	1	21064
82.4062200408998	1.0	NonTarget	1	21096
82.53121999545559	1.0	NonTarget	1	21128
82.65621995001136	1.0	NonTarget	1	21160
82.78121990456715	1.0	NonTarget	1	21192
82.90621985912293	1.0	NonTarget	1	21224
83.03121981367872	1.0	NonTarget	1	21256
83.1562197682345	1.0	Target	2	21288
83.28121972279028	1.0	NonTarget	1	21320
83.40621967734606	1.0	NonTarget	1	21352
83.53121963190185	1.0	NonTarget	1	21384
83.65621958645762	1.0	NonTarget	1	21416
83.78121954101341	1.0	NonTarget	1	21448
83.90621949556919	1.0	NonTarget	1	21480
84.03121945012498	1.0	NonTarget	1	21512
84.15621940468075	1.0	NonTarget	1	21544
84.28121935923654	1.0	NonTarget	1	21576
84.40621931379232	1.0	NonTarget	1	21608
84.53121926834811	1.0	NonTarget	1	21640
84.65621922290389	1.0	NonTarget	1	21672
84.78121917745968	1.0	Target	2	21704
84.90621913201545	1.0	NonTarget	1	21736
85.03121908657124	1.0	NonTarget	1	21768
85.15621904112702	1.0	NonTarget	1	21800
85.2812189956828	1.0	NonTarget	1	21832
85.40621895023858	1.0	NonTarget	1	21864
85.53121890479437	1.0	NonTarget	1	21896
85.65621885935015	1.0	NonTarget	1	21928
85.78121881390594	1.0	NonTarget	1	21960
85.90621876846171	1.0	NonTarget	1	21992
86.0312187230175	1.0	NonTarget	1	22024
86.15621867757328	1.0	NonTarget	1	22056
86.28121863212907	1.0	NonTarget	1	22088
86.40621858668484	1.0	Target	2	22120
86.53121854124063	1.0	NonTarget	1	22152
86.65621849579641	1.0	NonTarget	1	22184
86.7812184503522	1.0	NonTarget	1	22216
86.90621840490797	1.0	NonTarget	1	22248
87.03121835946376	1.0	NonTarget	1	22280
87.15621831401954	1.0	NonTarget	1	22312
87.28121826857533	1.0	NonTarget	1	22344
87.4062182231311	1.0	NonTarget	1	22376
87.5312181776869	1.0	NonTarget	1	22408
87.65621813224267	1.0	NonTarget	1	22440
87.78121808679846	1.0	NonTarget	1	22472
87.90621804135424	1.0	NonTarget	1	22504
88.03121799591003	1.0	Target	2	22536
88.1562179504658	1.0	NonTarget	1	22568
88.28121790502159	1.0	NonTarget	1	22600
88.40621785957737	1.0	NonTarget	1	22632
88.53121781413316	1.0	NonTarget	1	22664
88.65621776868893	1.0	NonTarget	1	22696
88.78121772324472	1.0	NonTarget	1	22728
88.9062176778005	1.0	NonTarget	1	22760
89.03121763235629	1.0	NonTarget	1	22792
89.15621758691208	1.0	NonTarget	1	22824
89.28121754146785	1.0	NonTarget	1	22856
89.40621749602364	1.0	Target	2	22888
89.53121745057942	1.0	NonTarget	1	22920
89.65621740513521	1.0	NonTarget	1	22952
89.78121735969098	1.0	NonTarget	1	22984
89.90621731424677	1.0	NonTarget	1	23016
90.03121726880255	1.0	NonTarget	1	23048
90.15621722335834	1.0	NonTarget	1	23080
90.28121717791412	1.0	NonTarget	1	23112
90.4062171324699	1.0	NonTarget	1	23144
90.53121708702568	1.0	NonTarget	1	23176
90.65621704158147	1.0	NonTarget	1	23208
90.78121699613725	1.0	NonTarget	1	23240
90.90621695069304	1.0	NonTarget	1	23272
91.03121690524881	1.0	NonTarget	1	23304
91.1562168598046	1.0	Target	2	23336
91.28121681436038	1.0	NonTarget	1	23368
91.40621676891617	1.0	NonTarget	1	23400
91.53121672347194	1.0	NonTarget	1	23432
91.65621667802773	1.0	NonTarget	1	23464
91.78121663258351	1.0	NonTarget	1	23496
91.9062165871393	1.0	NonTarget	1	23528
92.03121654169507	1.0	NonTarget	1	23560
92.15621649625086	1.0	NonTarget	1	23592
92.28121645080664	1.0	Target	2	23624
92.40621640536243	1.0	NonTarget	1	23656
92.5312163599182	1.0	NonTarget	1	23688
92.656216314474	1.0	NonTarget	1	23720
92.78121626902977	1.0	NonTarget	1	23752
92.90621622358556	1.0	NonTarget	1	23784
93.03121617814134	1.0	NonTarget	1	23816
93.15621613269712	1.0	NonTarget	1	23848
93.2812160872529	1.0	NonTarget	1	23880
93.40621604180869	1.0	NonTarget	1	23912
97.03121472392638	1.0	NonTarget	1	24840
97.15621467848217	1.0	NonTarget	1	24872
97.28121463303795	1.0	NonTarget	1	24904
97.40621458759374	1.0	NonTarget	1	24936
97.53121454214951	1.0	Target	2	24968
97.6562144967053	1.0	NonTarget	1	25000
97.78121445126108	1.0	NonTarget	1	25032
97.90621440581687	1.0	NonTarget	1	25064
98.03121436037264	1.0	NonTarget	1	25096
98.15621431492843	1.0	NonTarget	1	25128
98.28121426948421	1.0	NonTarget	1	25160
98.40621422404	1.0	NonTarget	1	25192
98.53121417859577	1.0	NonTarget	1	25224
98.65621413315156	1.0	NonTarget	1	25256
98.78121408770734	1.0	NonTarget	1	25288
98.90621404226313	1.0	NonTarget	1	25320
99.0312139968189	1.0	Target	2	25352
99.1562139513747	1.0	NonTarget	1	25384
99.28121390593047	1.0	NonTarget	1	25416
99.40621386048626	1.0	NonTarget	1	25448
99.53121381504204	1.0	NonTarget	1	25480
99.65621376959783	1.0	NonTarget	1	25512
99.7812137241536	1.0	NonTarget	1	25544
99.90621367870939	1.0	NonTarget	1	25576
100.03121363326517	1.0	NonTarget	1	25608
100.15621358782096	1.0	NonTarget	1	25640
100.28121354237673	1.0	NonTarget	1	25672
100.40621349693252	1.0	Target	2	25704
100.5312134514883	1.0	NonTarget	1	25736
100.65621340604409	1.0	NonTarget	1	25768
100.78121336059986	1.0	NonTarget	1	25800
100.90621331515565	1.0	NonTarget	1	25832
101.03121326971143	1.0	NonTarget	1	25864
101.15621322426722	1.0	NonTarget	1	25896
101.281213178823	1.0	NonTarget	1	25928
101.40621313337878	1.0	NonTarget	1	25960
101.53121308793456	1.0	NonTarget	1	25992
101.65621304249035	1.0	NonTarget	1	26024
101.78121299704613	1.0	NonTarget	1	26056
101.90621295160192	1.0	NonTarget	1	26088
102.03121290615769	1.0	Target	2	26120
102.15621286071348	1.0	NonTarget	1	26152
102.28121281526926	1.0	NonTarget	1	26184
102.40621276982505	1.0	NonTarget	1	26216
102.53121272438082	1.0	NonTarget	1	26248
102.65621267893661	1.0	NonTarget	1	26280
102.78121263349239	1.0	NonTarget	1	26312
102.90621258804818	1.0	NonTarget	1	26344
103.03121254260395	1.0	NonTarget	1	26376
103.15621249715974	1.0	NonTarget	1	26408
103.28121245171553	1.0	Target	2	26440
103.40621240627131	1.0	NonTarget	1	26472
103.5312123608271	1.0	NonTarget	1	26504
103.65621231538287	1.0	NonTarget	1	26536
103.78121226993866	1.0	NonTarget	1	26568
103.90621222449444	1.0	NonTarget	1	26600
104.03121217905023	1.0	NonTarget	1	26632
104.156212133606	1.0	NonTarget	1	26664
104.2812120881618	1.0	NonTarget	1	26696
104.40621204271757	1.0	NonTarget	1	26728
104.53121199727336	1.0	NonTarget	1	26760
104.65621195182914	1.0	NonTarget	1	26792
104.78121190638493	1.0	NonTarget	1	26824
104.9062118609407	1.0	NonTarget	1	26856
105.03121181549649	1.0	NonTarget	1	26888
105.15621177005227	1.0	Target	2	26920
105.28121172460806	1.0	NonTarget	1	26952
105.40621167916383	1.0	NonTarget	1	26984
105.53121163371962	1.0	NonTarget	1	27016
105.6562115882754	1.0	NonTarget	1	27048
105.78121154283119	1.0	NonTarget	1	27080
105.90621149738696	1.0	NonTarget	1	27112
106.03121145194275	1.0	NonTarget	1	27144
106.15621140649853	1.0	NonTarget	1	27176
106.28121136105432	1.0	NonTarget	1	27208
106.4062113156101	1.0	NonTarget	1	27240
106.53121127016588	1.0	NonTarget	1	27272
106.65621122472166	1.0	Target	2	27304
106.78121117927745	1.0	NonTarget	1	27336
106.90621113383322	1.0	NonTarget	1	27368
107.03121108838901	1.0	NonTarget	1	27400
107.15621104294479	1.0	NonTarget	1	27432
107.28121099750058	1.0	NonTarget	1	27464
107.40621095205636	1.0	NonTarget	1	27496
107.53121090661215	1.0	NonTarget	1	27528
107.65621086116792	1.0	NonTarget	1	27560
107.78121081572371	1.0	NonTarget	1	27592
107.90621077027949	1.0	NonTarget	1	27624
108.03121072483528	1.0	Target	2	27656
108.15621067939105	1.0	NonTarget	1	27688
108.28121063394684	1.0	NonTarget	1	27720
108.40621058850262	1.0	NonTarget	1	27752
108.5312105430584	1.0	NonTarget	1	27784
108.65621049761418	1.0	NonTarget	1	27816
108.78121045216997	1.0	NonTarget	1	27848
108.90621040672575	1.0	NonTarget	1	27880
109.03121036128154	1.0	NonTarget	1	27912
109.15621031583731	1.0	Target	2	27944
109.2812102703931	1.0	NonTarget	1	27976
109.40621022494888	1.0	NonTarget	1	28008
109.53121017950467	1.0	NonTarget	1	28040
109.65621013406044	1.0	NonTarget	1	28072
109.78121008861623	1.0	NonTarget	1	28104
109.90621004317201	1.0	NonTarget	1	28136
110.0312099977278	1.0	NonTarget	1	28168
110.15620995228358	1.0	NonTarget	1	28200
110.28120990683936	1.0	NonTarget	1	28232
110.40620986139514	1.0	NonTarget	1	28264
110.53120981595093	1.0	NonTarget	1	28296
110.6562097705067	1.0	NonTarget	1	28328
110.7812097250625	1.0	NonTarget	1	28360
110.90620967961827	1.0	Target	2	28392
111.03120963417406	1.0	NonTarget	1	28424
111.15620958872984	1.0	NonTarget	1	28456
111.28120954328563	1.0	NonTarget	1	28488
111.4062094978414	1.0	NonTarget	1	28520
111.53120945239719	1.0	NonTarget	1	28552
111.65620940695297	1.0	NonTarget	1	28584
111.78120936150876	1.0	NonTarget	1	28616
111.90620931606453	1.0	NonTarget	1	28648
115.53120799818224	1.0	NonTarget	1	29576
115.65620795273801	1.0	NonTarget	1	29608
115.7812079072938	1.0	NonTarget	1	29640
115.90620786184958	1.0	NonTarget	1	29672
116.03120781640537	1.0	NonTarget	1	29704
116.15620777096115	1.0	NonTarget	1	29736
116.28120772551694	1.0	NonTarget	1	29768
116.40620768007271	1.0	NonTarget	1	29800
116.5312076346285	1.0	Target	2	29832
116.65620758918428	1.0	NonTarget	1	29864
116.78120754374007	1.0	NonTarget	1	29896
116.90620749829584	1.0	NonTarget	1	29928
117.03120745285163	1.0	NonTarget	1	29960
117.15620740740741	1.0	NonTarget	1	29992
117.2812073619632	1.0	NonTarget	1	30024
117.40620731651897	1.0	NonTarget	1	30056
117.53120727107476	1.0	NonTarget	1	30088
117.65620722563055	1.0	NonTarget	1	30120
117.78120718018633	1.0	NonTarget	1	30152
117.90620713474212	1.0	NonTarget	1	30184
118.0312070892979	1.0	Target	2	30216
118.15620704385368	1.0	NonTarget	1	30248
118.28120699840946	1.0	NonTarget	1	30280
118.40620695296525	1.0	NonTarget	1	30312
118.53120690752102	1.0	NonTarget	1	30344
118.65620686207681	1.0	NonTarget	1	30376
118.78120681663259	1.0	NonTarget	1	30408
118.90620677118838	1.0	NonTarget	1	30440
119.03120672574416	1.0	NonTarget	1	30472
119.15620668029995	1.0	NonTarget	1	30504
119.28120663485572	1.0	NonTarget	1	30536
119.40620658941151	1.0	Target	2	30568
119.53120654396729	1.0	NonTarget	1	30600
119.65620649852308	1.0	NonTarget	1	30632
119.78120645307885	1.0	NonTarget	1	30664
119.90620640763464	1.0	NonTarget	1	30696
120.03120636219042	1.0	NonTarget	1	30728
120.15620631674621	1.0	NonTarget	1	30760
120.28120627130198	1.0	NonTarget	1	30792
120.40620622585777	1.0	NonTarget	1	30824
120.53120618041355	1.0	NonTarget	1	30856
120.65620613496934	1.0	NonTarget	1	30888
120.78120608952511	1.0	NonTarget	1	30920
120.9062060440809	1.0	NonTarget	1	30952
121.03120599863668	1.0	NonTarget	1	30984
121.15620595319247	1.0	NonTarget	1	31016
121.28120590774824	1.0	NonTarget	1	31048
121.40620586230403	1.0	Target	2	31080
121.53120581685981	1.0	NonTarget	1	31112
121.6562057714156	1.0	NonTarget	1	31144
121.78120572597138	1.0	NonTarget	1	31176
121.90620568052717	1.0	NonTarget	1	31208
122.03120563508294	1.0	NonTarget	1	31240
122.15620558963873	1.0	NonTarget	1	31272
122.2812055441945	1.0	Target	2	31304
122.4062054987503	1.0	NonTarget	1	31336
122.53120545330607	1.0	NonTarget	1	31368
122.65620540786186	1.0	NonTarget	1	31400
122.78120536241764	1.0	NonTarget	1	31432
122.90620531697343	1.0	NonTarget	1	31464
123.0312052715292	1.0	NonTarget	1	31496
123.15620522608499	1.0	NonTarget	1	31528
123.28120518064077	1.0	NonTarget	1	31560
123.40620513519656	1.0	NonTarget	1	31592
123.53120508975233	1.0	NonTarget	1	31624
123.65620504430812	1.0	NonTarget	1	31656
123.7812049988639	1.0	NonTarget	1	31688
123.90620495341969	1.0	Target	2	31720
124.03120490797546	1.0	NonTarget	1	31752
124.15620486253125	1.0	NonTarget	1	31784
124.28120481708703	1.0	NonTarget	1	31816
124.40620477164282	1.0	NonTarget	1	31848
124.5312047261986	1.0	NonTarget	1	31880
124.65620468075439	1.0	NonTarget	1	31912
124.78120463531016	1.0	NonTarget	1	31944
124.90620458986595	1.0	NonTarget	1	31976
125.03120454442173	1.0	NonTarget	1	32008
125.15620449897752	1.0	NonTarget	1	32040
125.28120445353329	1.0	NonTarget	1	32072
125.40620440808908	1.0	NonTarget	1	32104
125.53120436264486	1.0	NonTarget	1	32136
125.65620431720065	1.0	Target	2	32168
125.78120427175642	1.0	NonTarget	1	32200
125.90620422631221	1.0	NonTarget	1	32232
126.03120418086799	1.0	NonTarget	1	32264
126.15620413542378	1.0	NonTarget	1	32296
126.28120408997955	1.0	NonTarget	1	32328
126.40620404453534	1.0	NonTarget	1	32360
126.53120399909112	1.0	NonTarget	1	32392
126.65620395364691	1.0	NonTarget	1	32424
126.78120390820268	1.0	NonTarget	1	32456
126.90620386275847	1.0	NonTarget	1	32488
127.03120381731425	1.0	NonTarget	1	32520
127.15620377187004	1.0	Target	2	32552
127.28120372642582	1.0	NonTarget	1	32584
127.4062036809816	1.0	NonTarget	1	32616
127.53120363553738	1.0	NonTarget	1	32648
127.65620359009317	1.0	NonTarget	1	32680
127.78120354464895	1.0	NonTarget	1	32712
127.90620349920474	1.0	NonTarget	1	32744
128.03120345376053	1.0	NonTarget	1	32776
128.1562034083163	1.0	NonTarget	1	32808
128.28120336287208	1.0	NonTarget	1	32840
128.40620331742787	1.0	NonTarget	1	32872
128.53120327198366	1.0	Target	2	32904
128.65620322653942	1.0	NonTarget	1	32936
128.7812031810952	1.0	NonTarget	1	32968
128.906203135651	1.0	NonTarget	1	33000
129.0312030902068	1.0	NonTarget	1	33032
129.15620304476255	1.0	NonTarget	1	33064
129.28120299931834	1.0	NonTarget	1	33096
129.40620295387413	1.0	NonTarget	1	33128
129.53120290842992	1.0	NonTarget	1	33160
129.65620286298568	1.0	NonTarget	1	33192
129.78120281754147	1.0	Target	2	33224
129.90620277209726	1.0	NonTarget	1	33256
130.03120272665305	1.0	NonTarget	1	33288
130.1562026812088	1.0	NonTarget	1	33320
130.2812026357646	1.0	NonTarget	1	33352
130.4062025903204	1.0	NonTarget	1	33384
